prod_category,profit_margin,customer_id,age,gender,city,order_id,quantity,price,order_month
elec,0.25,1,28,Male,Pune,862,8,1566,July
elec,0.25,3,23,Female,Jaipur,643,1,2512,June
elec,0.25,6,25,Male,Indore,352,9,838,October
elec,0.25,8,21,Male,Pune,186,5,1530,March
elec,0.25,9,26,Male,Indore,491,4,2437,February
elec,0.25,10,36,Male,Bhopal,205,6,2240,May
elec,0.25,10,36,Male,Bhopal,787,8,2141,October
elec,0.25,10,36,Male,Bhopal,818,8,2584,June
elec,0.25,10,36,Male,Bhopal,859,5,1721,April
elec,0.25,10,36,Male,Bhopal,870,2,2846,May
elec,0.25,11,37,Female,Lucknow,32,9,915,June
elec,0.25,12,18,Male,Mumbai,208,2,2182,February
elec,0.25,13,39,Male,Pune,83,7,712,October
elec,0.25,13,39,Male,Pune,130,8,2856,September
elec,0.25,13,39,Male,Pune,691,4,944,January
elec,0.25,16,27,Male,Lucknow,115,1,904,September
elec,0.25,16,27,Male,Lucknow,740,5,2199,November
elec,0.25,18,28,Female,Surat,77,7,1440,June
elec,0.25,18,28,Female,Surat,312,8,2085,August
elec,0.25,18,28,Female,Surat,388,2,972,November
elec,0.25,18,28,Female,Surat,538,8,1049,February
elec,0.25,19,25,Female,Lucknow,195,1,1221,June
elec,0.25,19,25,Female,Lucknow,839,6,1279,December
elec,0.25,20,36,Male,Lucknow,858,3,1582,January
elec,0.25,21,23,Female,Lucknow,263,6,1973,June
elec,0.25,21,23,Female,Lucknow,997,7,1191,June
elec,0.25,22,24,Male,Mumbai,524,4,1554,August
elec,0.25,22,24,Male,Mumbai,763,9,1324,January
elec,0.25,24,33,Male,Bhopal,16,6,2588,March
elec,0.25,25,33,Female,Indore,753,5,2139,October
elec,0.25,26,24,Female,Lucknow,26,9,1631,May
elec,0.25,26,24,Female,Lucknow,237,1,1030,December
elec,0.25,27,29,Female,Indore,173,8,1150,September
elec,0.25,27,29,Female,Indore,321,4,2134,June
elec,0.25,27,29,Female,Indore,636,6,2262,April
elec,0.25,27,29,Female,Indore,833,1,2116,January
elec,0.25,29,36,Male,Lucknow,80,7,826,April
elec,0.25,29,36,Male,Lucknow,813,5,2001,July
elec,0.25,30,38,Male,Pune,474,3,807,November
elec,0.25,31,36,Female,Jaipur,219,4,2637,April
elec,0.25,32,27,Male,Lucknow,37,2,1552,November
elec,0.25,32,27,Male,Lucknow,540,8,2833,July
elec,0.25,33,38,Male,Mumbai,134,4,2958,October
elec,0.25,33,38,Male,Mumbai,178,6,1889,June
elec,0.25,34,20,Male,Mumbai,78,3,813,March
elec,0.25,34,20,Male,Mumbai,242,7,2330,August
elec,0.25,34,20,Male,Mumbai,731,3,1165,December
elec,0.25,35,25,Female,Lucknow,587,3,1283,September
elec,0.25,35,25,Female,Lucknow,922,1,940,May
elec,0.25,36,25,Female,Jaipur,630,8,2739,March
elec,0.25,37,36,Male,Surat,86,5,2844,November
elec,0.25,37,36,Male,Surat,133,5,881,December
elec,0.25,37,36,Male,Surat,821,3,2868,September
elec,0.25,38,23,Female,Jaipur,93,8,2818,November
elec,0.25,38,23,Female,Jaipur,315,5,2963,April
elec,0.25,38,23,Female,Jaipur,561,6,857,April
elec,0.25,39,28,Male,Lucknow,311,7,2261,September
elec,0.25,39,28,Male,Lucknow,707,5,1260,January
elec,0.25,40,26,Female,Bhopal,558,7,2055,February
elec,0.25,41,37,Female,Indore,353,3,1531,December
elec,0.25,42,31,Female,Jaipur,361,7,1016,August
elec,0.25,44,28,Female,Bhopal,515,9,2458,December
elec,0.25,45,28,Male,Surat,221,9,2622,February
elec,0.25,45,28,Male,Surat,539,8,1811,April
elec,0.25,45,28,Male,Surat,956,4,900,January
elec,0.25,46,31,Male,Lucknow,21,8,2515,July
elec,0.25,46,31,Male,Lucknow,923,2,2615,November
elec,0.25,47,19,Male,Mumbai,47,9,1352,October
elec,0.25,47,19,Male,Mumbai,249,7,869,May
elec,0.25,47,19,Male,Mumbai,701,1,2837,May
elec,0.25,48,30,Female,Pune,883,1,2911,August
elec,0.25,49,23,Female,Mumbai,908,1,1078,March
elec,0.25,50,39,Female,Jaipur,566,3,2895,October
elec,0.25,51,29,Female,Mumbai,397,6,1947,October
elec,0.25,51,29,Female,Mumbai,663,1,2061,August
elec,0.25,52,25,Male,Pune,260,5,1996,December
elec,0.25,52,25,Male,Pune,553,4,752,April
elec,0.25,52,25,Male,Pune,873,2,2300,July
elec,0.25,53,22,Female,Bhopal,573,5,1368,July
elec,0.25,53,22,Female,Bhopal,681,1,2133,August
elec,0.25,53,22,Female,Bhopal,891,4,2524,September
elec,0.25,54,24,Female,Bhopal,163,6,2072,June
elec,0.25,54,24,Female,Bhopal,588,4,1379,April
elec,0.25,55,18,Male,Mumbai,762,1,922,September
elec,0.25,55,18,Male,Mumbai,985,5,2155,August
elec,0.25,57,27,Female,Jaipur,473,2,1040,September
elec,0.25,57,27,Female,Jaipur,896,6,2379,October
elec,0.25,58,26,Female,Lucknow,892,7,2216,March
elec,0.25,59,37,Male,Surat,709,2,1094,March
elec,0.25,59,37,Male,Surat,747,4,1167,January
elec,0.25,59,37,Male,Surat,772,9,1490,January
elec,0.25,61,38,Male,Bhopal,943,7,1595,February
elec,0.25,63,39,Male,Pune,286,9,2038,November
elec,0.25,63,39,Male,Pune,502,7,1685,October
elec,0.25,64,33,Male,Surat,316,9,1061,December
elec,0.25,64,33,Male,Surat,396,9,2788,December
elec,0.25,64,33,Male,Surat,659,6,1171,October
elec,0.25,65,22,Female,Jaipur,754,5,1223,November
elec,0.25,66,30,Female,Bhopal,119,5,1044,August
elec,0.25,67,34,Male,Bhopal,121,6,1717,October
elec,0.25,68,36,Female,Surat,197,4,1788,September
elec,0.25,69,22,Female,Surat,695,8,979,April
elec,0.25,69,22,Female,Surat,987,2,2687,September
elec,0.25,70,22,Male,Surat,394,6,2659,September
elec,0.25,70,22,Male,Surat,958,8,2511,May
elec,0.25,71,26,Female,Pune,465,3,884,December
elec,0.25,72,31,Female,Pune,550,1,2522,April
elec,0.25,72,31,Female,Pune,919,1,2817,May
elec,0.25,75,27,Female,Jaipur,382,5,2076,July
elec,0.25,75,27,Female,Jaipur,699,7,1311,November
elec,0.25,75,27,Female,Jaipur,726,6,2950,September
elec,0.25,75,27,Female,Jaipur,803,2,1190,July
elec,0.25,76,24,Female,Surat,348,3,2438,June
elec,0.25,76,24,Female,Surat,493,6,1918,April
elec,0.25,78,25,Female,Jaipur,145,6,963,September
elec,0.25,78,25,Female,Jaipur,503,5,951,February
elec,0.25,79,36,Male,Lucknow,105,9,1752,June
elec,0.25,79,36,Male,Lucknow,866,9,2973,July
elec,0.25,80,30,Male,Lucknow,135,2,1834,November
elec,0.25,80,30,Male,Lucknow,136,3,2975,March
elec,0.25,80,30,Male,Lucknow,383,6,2269,May
elec,0.25,80,30,Male,Lucknow,822,8,1607,October
elec,0.25,81,36,Male,Indore,270,9,2221,March
elec,0.25,81,36,Male,Indore,654,2,2355,November
elec,0.25,82,39,Female,Jaipur,243,2,1123,March
elec,0.25,82,39,Female,Jaipur,346,8,2617,March
elec,0.25,82,39,Female,Jaipur,350,6,2509,May
elec,0.25,83,24,Male,Mumbai,867,1,2726,December
elec,0.25,84,19,Female,Jaipur,722,7,1432,June
elec,0.25,85,31,Female,Lucknow,910,3,1387,February
elec,0.25,86,20,Female,Jaipur,204,6,2687,September
elec,0.25,86,20,Female,Jaipur,340,3,1972,March
elec,0.25,87,24,Male,Surat,100,5,2032,September
elec,0.25,87,24,Male,Surat,118,5,1974,February
elec,0.25,87,24,Male,Surat,490,6,2940,August
elec,0.25,88,27,Female,Surat,147,4,1434,May
elec,0.25,88,27,Female,Surat,874,2,2901,July
elec,0.25,89,32,Female,Jaipur,567,3,1336,December
elec,0.25,89,32,Female,Jaipur,843,1,2120,March
elec,0.25,89,32,Female,Jaipur,948,8,1990,May
elec,0.25,90,37,Male,Surat,559,1,1290,December
elec,0.25,91,34,Female,Mumbai,283,6,2023,April
elec,0.25,91,34,Female,Mumbai,331,4,2144,September
elec,0.25,91,34,Female,Mumbai,978,5,2157,December
elec,0.25,93,32,Female,Lucknow,776,4,1905,April
elec,0.25,94,33,Female,Mumbai,57,3,2977,June
elec,0.25,94,33,Female,Mumbai,299,9,1970,September
elec,0.25,94,33,Female,Mumbai,686,1,1750,November
elec,0.25,95,35,Male,Surat,584,1,2717,January
elec,0.25,95,35,Male,Surat,879,3,1965,January
elec,0.25,95,35,Male,Surat,947,9,1138,April
elec,0.25,96,19,Male,Bhopal,90,9,2010,December
elec,0.25,96,19,Male,Bhopal,303,4,1234,September
elec,0.25,96,19,Male,Bhopal,344,7,2905,May
elec,0.25,96,19,Male,Bhopal,466,5,2212,August
elec,0.25,96,19,Male,Bhopal,598,2,2600,June
elec,0.25,97,29,Male,Pune,454,2,2467,August
elec,0.25,98,31,Female,Mumbai,656,3,1200,August
elec,0.25,98,31,Female,Mumbai,984,3,1616,August
elec,0.25,99,38,Female,Jaipur,268,3,2759,February
elec,0.25,100,38,Male,Surat,469,2,2210,May
elec,0.25,101,20,Male,Jaipur,103,4,1533,August
elec,0.25,101,20,Male,Jaipur,924,7,1064,May
elec,0.25,101,20,Male,Jaipur,965,3,2486,October
elec,0.25,103,26,Female,Mumbai,33,5,2882,May
elec,0.25,103,26,Female,Mumbai,225,8,735,January
elec,0.25,103,26,Female,Mumbai,495,6,1543,September
elec,0.25,104,27,Female,Surat,369,4,728,March
elec,0.25,105,22,Female,Pune,29,7,2513,February
elec,0.25,105,22,Female,Pune,500,5,1154,February
elec,0.25,105,22,Female,Pune,804,1,1967,May
elec,0.25,106,23,Female,Indore,401,7,1930,April
elec,0.25,106,23,Female,Indore,653,7,1785,December
elec,0.25,107,24,Male,Surat,106,1,1962,May
elec,0.25,107,24,Male,Surat,755,4,1711,July
elec,0.25,107,24,Male,Surat,930,8,1410,January
elec,0.25,107,24,Male,Surat,988,8,2644,May
elec,0.25,108,22,Female,Indore,424,5,1502,May
elec,0.25,109,27,Male,Bhopal,621,7,719,March
elec,0.25,110,24,Male,Bhopal,592,9,1058,August
elec,0.25,111,26,Female,Jaipur,372,5,2690,May
elec,0.25,111,26,Female,Jaipur,455,6,2762,February
elec,0.25,112,31,Female,Bhopal,110,8,1960,April
elec,0.25,112,31,Female,Bhopal,375,7,2954,July
elec,0.25,112,31,Female,Bhopal,525,1,1399,September
elec,0.25,112,31,Female,Bhopal,530,2,1891,December
elec,0.25,113,22,Female,Jaipur,404,2,2047,November
elec,0.25,113,22,Female,Jaipur,526,9,1358,July
elec,0.25,113,22,Female,Jaipur,638,5,1090,July
elec,0.25,113,22,Female,Jaipur,817,4,766,August
elec,0.25,113,22,Female,Jaipur,836,9,2224,February
elec,0.25,115,24,Female,Bhopal,639,4,1396,January
elec,0.25,116,31,Male,Indore,861,1,2131,June
elec,0.25,119,35,Female,Jaipur,137,9,1293,June
elec,0.25,121,28,Male,Pune,194,1,2823,November
elec,0.25,121,28,Male,Pune,339,6,2780,August
elec,0.25,122,30,Female,Surat,146,5,1268,August
elec,0.25,122,30,Female,Surat,305,4,1747,December
elec,0.25,124,34,Male,Indore,606,3,1045,January
elec,0.25,124,34,Male,Indore,999,6,2779,November
elec,0.25,125,35,Female,Lucknow,780,3,1636,December
elec,0.25,125,35,Female,Lucknow,983,7,1329,July
elec,0.25,126,20,Male,Jaipur,246,3,2222,March
elec,0.25,126,20,Male,Jaipur,496,6,1879,June
elec,0.25,126,20,Male,Jaipur,953,8,2049,September
elec,0.25,127,30,Male,Jaipur,341,9,1072,September
elec,0.25,127,30,Male,Jaipur,651,8,1581,July
elec,0.25,127,30,Male,Jaipur,954,9,1485,April
elec,0.25,128,29,Male,Surat,906,5,2572,November
elec,0.25,129,23,Male,Mumbai,67,9,2028,February
elec,0.25,129,23,Male,Mumbai,198,4,1169,November
elec,0.25,129,23,Male,Mumbai,957,7,1364,August
elec,0.25,130,31,Female,Surat,950,8,1756,October
elec,0.25,132,27,Male,Bhopal,505,9,2711,January
elec,0.25,133,24,Male,Indore,251,3,2081,February
elec,0.25,133,24,Male,Indore,880,8,1549,November
elec,0.25,134,22,Male,Indore,595,3,2770,October
elec,0.25,134,22,Male,Indore,597,1,1837,October
elec,0.25,135,23,Male,Lucknow,411,5,2937,December
elec,0.25,135,23,Male,Lucknow,971,3,1526,August
elec,0.25,136,32,Female,Lucknow,5,7,1050,February
elec,0.25,136,32,Female,Lucknow,99,6,2498,July
elec,0.25,137,21,Male,Pune,647,5,1534,November
elec,0.25,140,27,Male,Pune,295,7,2186,March
elec,0.25,140,27,Male,Pune,715,5,2878,September
elec,0.25,141,32,Male,Mumbai,439,1,2435,May
elec,0.25,143,36,Male,Indore,421,2,2662,April
elec,0.25,145,36,Male,Jaipur,102,6,2897,March
elec,0.25,145,36,Male,Jaipur,499,5,860,November
elec,0.25,146,18,Female,Indore,306,7,2570,February
elec,0.25,146,18,Female,Indore,583,8,2853,December
elec,0.25,146,18,Female,Indore,670,4,2719,March
elec,0.25,148,37,Male,Surat,175,7,2136,March
elec,0.25,148,37,Male,Surat,189,7,2969,June
elec,0.25,148,37,Male,Surat,254,8,1449,October
elec,0.25,149,32,Female,Jaipur,272,2,878,February
elec,0.25,149,32,Female,Jaipur,857,5,2439,January
elec,0.25,151,25,Female,Bhopal,112,7,1166,July
elec,0.25,151,25,Female,Bhopal,871,9,1869,May
elec,0.25,152,29,Female,Lucknow,528,1,859,January
elec,0.25,153,24,Female,Lucknow,435,8,1803,March
elec,0.25,154,30,Male,Mumbai,84,9,2235,February
elec,0.25,154,30,Male,Mumbai,734,1,2107,June
elec,0.25,156,36,Male,Bhopal,840,8,2990,February
elec,0.25,158,22,Female,Bhopal,422,4,1024,September
elec,0.25,158,22,Female,Bhopal,580,9,785,February
elec,0.25,159,19,Female,Pune,994,4,2962,April
elec,0.25,160,18,Male,Pune,281,5,796,January
elec,0.25,160,18,Male,Pune,551,8,1039,February
elec,0.25,161,34,Male,Lucknow,172,4,940,June
elec,0.25,162,35,Female,Lucknow,342,8,959,July
elec,0.25,163,19,Male,Lucknow,210,7,1907,February
elec,0.25,163,19,Male,Lucknow,705,4,2823,September
elec,0.25,164,20,Male,Jaipur,513,4,1327,March
elec,0.25,165,39,Female,Pune,516,7,2122,March
elec,0.25,166,23,Male,Lucknow,721,8,2877,January
elec,0.25,168,36,Male,Indore,605,3,1516,March
elec,0.25,168,36,Male,Indore,712,4,2153,April
elec,0.25,168,36,Male,Indore,886,7,828,October
elec,0.25,169,19,Female,Surat,376,6,2793,May
elec,0.25,169,19,Female,Surat,392,7,1772,July
elec,0.25,170,36,Female,Bhopal,10,9,2352,May
elec,0.25,170,36,Female,Bhopal,578,4,2577,February
elec,0.25,171,32,Female,Indore,444,5,2431,April
elec,0.25,172,23,Female,Lucknow,142,7,2768,March
elec,0.25,173,24,Male,Jaipur,148,8,1864,July
elec,0.25,173,24,Male,Jaipur,498,3,2237,July
elec,0.25,173,24,Male,Jaipur,570,6,2294,February
elec,0.25,173,24,Male,Jaipur,777,8,2299,June
elec,0.25,175,21,Female,Lucknow,203,1,854,August
elec,0.25,176,26,Female,Lucknow,9,6,2587,June
elec,0.25,177,25,Female,Jaipur,673,6,1457,March
elec,0.25,177,25,Female,Jaipur,865,8,804,July
elec,0.25,177,25,Female,Jaipur,885,3,2265,November
elec,0.25,178,21,Female,Mumbai,644,7,932,August
elec,0.25,179,21,Female,Surat,700,3,863,June
elec,0.25,179,21,Female,Surat,728,5,1004,February
elec,0.25,179,21,Female,Surat,789,8,2812,June
elec,0.25,180,27,Male,Jaipur,442,6,2747,January
elec,0.25,181,27,Female,Jaipur,751,9,2876,June
elec,0.25,183,33,Male,Bhopal,428,1,1050,January
elec,0.25,183,33,Male,Bhopal,773,1,1247,November
elec,0.25,183,33,Male,Bhopal,980,6,1560,December
elec,0.25,184,23,Female,Lucknow,240,2,2877,April
elec,0.25,184,23,Female,Lucknow,273,9,795,December
elec,0.25,184,23,Female,Lucknow,577,9,1048,July
elec,0.25,185,31,Male,Surat,176,2,2838,January
elec,0.25,185,31,Male,Surat,482,9,1724,February
elec,0.25,186,19,Female,Pune,368,2,1795,September
elec,0.25,187,28,Female,Mumbai,488,8,1731,August
elec,0.25,187,28,Female,Mumbai,543,6,1813,May
elec,0.25,188,35,Female,Bhopal,834,5,1826,December
elec,0.25,190,27,Female,Jaipur,508,7,2687,February
elec,0.25,191,35,Female,Mumbai,164,8,1721,September
elec,0.25,192,36,Female,Surat,497,6,1149,September
elec,0.25,194,39,Female,Pune,652,4,2219,December
elec,0.25,195,37,Male,Mumbai,400,4,1756,May
elec,0.25,195,37,Male,Mumbai,868,5,1061,March
elec,0.25,196,38,Male,Bhopal,925,7,2315,January
elec,0.25,197,33,Male,Surat,452,8,1363,September
elec,0.25,197,33,Male,Surat,767,1,2348,September
elec,0.25,197,33,Male,Surat,972,9,1253,November
elec,0.25,199,27,Female,Indore,12,3,2790,April
elec,0.25,199,27,Female,Indore,646,6,1933,July
elec,0.25,200,30,Male,Jaipur,275,2,2428,November
elec,0.25,200,30,Male,Jaipur,863,4,2277,May
toy,0.4,1,28,Male,Pune,594,7,940,September
toy,0.4,1,28,Male,Pune,601,3,2191,June
toy,0.4,1,28,Male,Pune,758,3,2626,April
toy,0.4,2,32,Female,Indore,418,2,2000,March
toy,0.4,5,23,Female,Bhopal,214,6,1021,April
toy,0.4,8,21,Male,Pune,309,6,2332,April
toy,0.4,8,21,Male,Pune,703,5,2488,August
toy,0.4,8,21,Male,Pune,801,1,2634,November
toy,0.4,10,36,Male,Bhopal,609,8,2395,December
toy,0.4,10,36,Male,Bhopal,662,2,2871,December
toy,0.4,11,37,Female,Lucknow,73,2,971,December
toy,0.4,11,37,Female,Lucknow,234,2,2765,April
toy,0.4,12,18,Male,Mumbai,96,8,2349,November
toy,0.4,12,18,Male,Mumbai,423,4,2997,November
toy,0.4,12,18,Male,Mumbai,702,9,1777,September
toy,0.4,13,39,Male,Pune,718,3,2702,October
toy,0.4,14,35,Male,Surat,815,1,1180,October
toy,0.4,14,35,Male,Surat,918,4,2289,January
toy,0.4,16,27,Male,Lucknow,779,9,2508,November
toy,0.4,17,31,Female,Indore,894,9,970,January
toy,0.4,18,28,Female,Surat,448,7,2275,July
toy,0.4,19,25,Female,Lucknow,478,3,2652,December
toy,0.4,19,25,Female,Lucknow,893,8,2091,November
toy,0.4,20,36,Male,Lucknow,190,6,2359,April
toy,0.4,20,36,Male,Lucknow,300,5,2965,August
toy,0.4,20,36,Male,Lucknow,838,7,1361,October
toy,0.4,21,23,Female,Lucknow,40,2,709,June
toy,0.4,23,22,Female,Pune,218,7,2032,March
toy,0.4,23,22,Female,Pune,625,4,2967,November
toy,0.4,23,22,Female,Pune,665,8,1193,July
toy,0.4,23,22,Female,Pune,944,2,2057,April
toy,0.4,24,33,Male,Bhopal,4,3,919,March
toy,0.4,24,33,Male,Bhopal,149,6,2860,September
toy,0.4,24,33,Male,Bhopal,547,5,2872,November
toy,0.4,24,33,Male,Bhopal,622,9,1782,September
toy,0.4,25,33,Female,Indore,68,3,1361,March
toy,0.4,26,24,Female,Lucknow,523,6,2442,April
toy,0.4,26,24,Female,Lucknow,920,2,904,October
toy,0.4,26,24,Female,Lucknow,936,4,762,December
toy,0.4,27,29,Female,Indore,506,6,2778,November
toy,0.4,28,25,Female,Indore,807,3,2942,April
toy,0.4,29,36,Male,Lucknow,65,3,1976,January
toy,0.4,29,36,Male,Lucknow,244,7,1952,January
toy,0.4,30,38,Male,Pune,85,9,846,June
toy,0.4,32,27,Male,Lucknow,457,7,841,August
toy,0.4,32,27,Male,Lucknow,708,1,1679,August
toy,0.4,32,27,Male,Lucknow,909,8,1148,May
toy,0.4,32,27,Male,Lucknow,940,3,880,July
toy,0.4,34,20,Male,Mumbai,19,4,1416,April
toy,0.4,34,20,Male,Mumbai,642,6,2043,August
toy,0.4,35,25,Female,Lucknow,1,9,1782,February
toy,0.4,35,25,Female,Lucknow,69,4,1560,May
toy,0.4,35,25,Female,Lucknow,81,3,1114,February
toy,0.4,35,25,Female,Lucknow,520,7,2172,August
toy,0.4,35,25,Female,Lucknow,698,8,787,September
toy,0.4,35,25,Female,Lucknow,961,6,1574,August
toy,0.4,37,36,Male,Surat,696,4,1536,September
toy,0.4,37,36,Male,Surat,802,4,2478,August
toy,0.4,38,23,Female,Jaipur,318,1,2123,June
toy,0.4,38,23,Female,Jaipur,640,9,994,February
toy,0.4,40,26,Female,Bhopal,433,6,1051,March
toy,0.4,40,26,Female,Bhopal,832,1,1366,January
toy,0.4,41,37,Female,Indore,289,1,2023,April
toy,0.4,41,37,Female,Indore,475,5,2700,May
toy,0.4,41,37,Female,Indore,613,1,1745,January
toy,0.4,41,37,Female,Indore,730,4,881,May
toy,0.4,43,20,Female,Mumbai,70,5,1104,August
toy,0.4,43,20,Female,Mumbai,449,4,2640,April
toy,0.4,44,28,Female,Bhopal,152,9,2013,May
toy,0.4,44,28,Female,Bhopal,333,9,1536,March
toy,0.4,46,31,Male,Lucknow,72,7,1043,December
toy,0.4,47,19,Male,Mumbai,746,9,2739,October
toy,0.4,48,30,Female,Pune,735,9,2805,November
toy,0.4,48,30,Female,Pune,962,5,2522,May
toy,0.4,50,39,Female,Jaipur,91,9,2670,November
toy,0.4,51,29,Female,Mumbai,334,8,2971,March
toy,0.4,51,29,Female,Mumbai,437,7,2792,April
toy,0.4,51,29,Female,Mumbai,798,6,1592,October
toy,0.4,51,29,Female,Mumbai,847,8,2773,November
toy,0.4,52,25,Male,Pune,563,2,1156,March
toy,0.4,55,18,Male,Mumbai,326,2,2873,December
toy,0.4,55,18,Male,Mumbai,430,6,1509,December
toy,0.4,56,38,Female,Surat,23,3,2439,November
toy,0.4,56,38,Female,Surat,434,8,1685,December
toy,0.4,57,27,Female,Jaipur,612,4,2099,January
toy,0.4,57,27,Female,Jaipur,637,4,760,March
toy,0.4,57,27,Female,Jaipur,676,9,1604,March
toy,0.4,58,26,Female,Lucknow,308,6,2403,September
toy,0.4,58,26,Female,Lucknow,641,1,1867,March
toy,0.4,59,37,Male,Surat,338,8,1547,April
toy,0.4,59,37,Male,Surat,977,6,2371,August
toy,0.4,60,31,Female,Jaipur,25,3,2445,July
toy,0.4,60,31,Female,Jaipur,44,1,2483,April
toy,0.4,61,38,Male,Bhopal,199,7,791,June
toy,0.4,61,38,Male,Bhopal,405,3,2633,September
toy,0.4,62,35,Female,Jaipur,373,1,2228,September
toy,0.4,62,35,Female,Jaipur,723,2,2648,October
toy,0.4,63,39,Male,Pune,8,5,1595,July
toy,0.4,63,39,Male,Pune,733,4,1592,May
toy,0.4,64,33,Male,Surat,296,7,2264,September
toy,0.4,65,22,Female,Jaipur,440,8,2393,October
toy,0.4,66,30,Female,Bhopal,627,5,1779,May
toy,0.4,66,30,Female,Bhopal,680,3,2943,March
toy,0.4,68,36,Female,Surat,745,2,2859,December
toy,0.4,68,36,Female,Surat,864,9,1483,March
toy,0.4,69,22,Female,Surat,277,1,787,March
toy,0.4,70,22,Male,Surat,996,2,1836,February
toy,0.4,71,26,Female,Pune,581,5,2949,December
toy,0.4,71,26,Female,Pune,921,4,2386,July
toy,0.4,74,19,Male,Jaipur,35,4,2094,May
toy,0.4,74,19,Male,Jaipur,805,5,1579,April
toy,0.4,75,27,Female,Jaipur,48,1,1505,April
toy,0.4,75,27,Female,Jaipur,255,1,836,January
toy,0.4,76,24,Female,Surat,446,1,868,January
toy,0.4,77,21,Male,Lucknow,360,8,2109,May
toy,0.4,77,21,Male,Lucknow,932,7,1437,April
toy,0.4,78,25,Female,Jaipur,180,3,1368,January
toy,0.4,78,25,Female,Jaipur,959,6,1615,August
toy,0.4,79,36,Male,Lucknow,235,6,2364,August
toy,0.4,79,36,Male,Lucknow,507,6,2271,July
toy,0.4,80,30,Male,Lucknow,38,4,2288,February
toy,0.4,80,30,Male,Lucknow,122,1,1996,February
toy,0.4,80,30,Male,Lucknow,905,6,1336,November
toy,0.4,81,36,Male,Indore,517,8,1334,September
toy,0.4,81,36,Male,Indore,736,1,2279,September
toy,0.4,81,36,Male,Indore,851,7,2151,March
toy,0.4,83,24,Male,Mumbai,61,2,2672,October
toy,0.4,83,24,Male,Mumbai,532,2,2054,September
toy,0.4,83,24,Male,Mumbai,903,8,1657,May
toy,0.4,84,19,Female,Jaipur,224,7,2864,January
toy,0.4,84,19,Female,Jaipur,494,9,1296,March
toy,0.4,85,31,Female,Lucknow,34,6,1421,August
toy,0.4,85,31,Female,Lucknow,1000,8,1927,January
toy,0.4,87,24,Male,Surat,177,5,2865,October
toy,0.4,88,27,Female,Surat,88,9,1084,April
toy,0.4,88,27,Female,Surat,682,8,1004,October
toy,0.4,88,27,Female,Surat,911,9,2457,July
toy,0.4,89,32,Female,Jaipur,271,8,828,August
toy,0.4,89,32,Female,Jaipur,617,7,2328,May
toy,0.4,90,37,Male,Surat,788,3,1423,March
toy,0.4,90,37,Male,Surat,914,2,1669,September
toy,0.4,91,34,Female,Mumbai,46,1,2496,March
toy,0.4,91,34,Female,Mumbai,169,7,1450,August
toy,0.4,92,19,Male,Pune,143,4,983,October
toy,0.4,93,32,Female,Lucknow,981,3,2744,January
toy,0.4,94,33,Female,Mumbai,374,9,2222,December
toy,0.4,95,35,Male,Surat,107,9,1677,January
toy,0.4,95,35,Male,Surat,778,3,1947,December
toy,0.4,96,19,Male,Bhopal,385,7,1311,November
toy,0.4,96,19,Male,Bhopal,426,7,2378,December
toy,0.4,98,31,Female,Mumbai,555,5,1672,March
toy,0.4,98,31,Female,Mumbai,574,8,1560,January
toy,0.4,98,31,Female,Mumbai,791,6,2526,January
toy,0.4,99,38,Female,Jaipur,764,1,1777,January
toy,0.4,99,38,Female,Jaipur,970,7,2401,November
toy,0.4,100,38,Male,Surat,18,5,2978,March
toy,0.4,100,38,Male,Surat,618,8,1822,July
toy,0.4,101,20,Male,Jaipur,632,9,2304,January
toy,0.4,102,23,Female,Lucknow,799,3,2346,December
toy,0.4,103,26,Female,Mumbai,761,8,1444,January
toy,0.4,104,27,Female,Surat,412,2,2450,October
toy,0.4,104,27,Female,Surat,904,5,799,April
toy,0.4,106,23,Female,Indore,377,1,1025,September
toy,0.4,106,23,Female,Indore,811,8,1691,September
toy,0.4,106,23,Female,Indore,939,6,872,July
toy,0.4,107,24,Male,Surat,66,2,1697,March
toy,0.4,107,24,Male,Surat,770,7,1510,February
toy,0.4,108,22,Female,Indore,31,8,2628,March
toy,0.4,109,27,Male,Bhopal,384,2,2495,June
toy,0.4,109,27,Male,Bhopal,629,1,2737,May
toy,0.4,109,27,Male,Bhopal,913,3,1789,December
toy,0.4,110,24,Male,Bhopal,519,7,1468,January
toy,0.4,111,26,Female,Jaipur,185,6,1788,October
toy,0.4,112,31,Female,Bhopal,445,9,1568,May
toy,0.4,112,31,Female,Bhopal,565,4,1965,April
toy,0.4,112,31,Female,Bhopal,576,4,1402,May
toy,0.4,112,31,Female,Bhopal,856,3,1771,November
toy,0.4,112,31,Female,Bhopal,942,7,1629,September
toy,0.4,113,22,Female,Jaipur,140,5,2494,June
toy,0.4,113,22,Female,Jaipur,150,4,1092,October
toy,0.4,113,22,Female,Jaipur,536,1,853,November
toy,0.4,113,22,Female,Jaipur,917,7,1810,November
toy,0.4,114,27,Female,Bhopal,92,3,2915,October
toy,0.4,114,27,Female,Bhopal,417,4,2181,July
toy,0.4,115,24,Female,Bhopal,797,6,2912,February
toy,0.4,115,24,Female,Bhopal,969,6,1062,May
toy,0.4,118,23,Female,Jaipur,82,9,2245,November
toy,0.4,118,23,Female,Jaipur,501,4,2024,June
toy,0.4,119,35,Female,Jaipur,201,3,1170,February
toy,0.4,119,35,Female,Jaipur,678,1,1029,April
toy,0.4,119,35,Female,Jaipur,782,5,1068,June
toy,0.4,119,35,Female,Jaipur,853,9,1853,February
toy,0.4,119,35,Female,Jaipur,915,2,1234,December
toy,0.4,121,28,Male,Pune,876,8,1147,May
toy,0.4,121,28,Male,Pune,989,5,1140,March
toy,0.4,122,30,Female,Surat,20,6,2977,June
toy,0.4,123,20,Female,Surat,363,8,2555,October
toy,0.4,124,34,Male,Indore,14,9,1580,June
toy,0.4,124,34,Male,Indore,50,6,1076,March
toy,0.4,124,34,Male,Indore,87,3,1996,November
toy,0.4,124,34,Male,Indore,120,4,2588,March
toy,0.4,124,34,Male,Indore,167,5,1354,November
toy,0.4,125,35,Female,Lucknow,354,6,1440,December
toy,0.4,126,20,Male,Jaipur,671,2,1602,February
toy,0.4,127,30,Male,Jaipur,531,6,2188,January
toy,0.4,127,30,Male,Jaipur,897,9,2322,December
toy,0.4,127,30,Male,Jaipur,929,2,2721,April
toy,0.4,128,29,Male,Surat,890,6,2769,December
toy,0.4,129,23,Male,Mumbai,371,4,1216,October
toy,0.4,129,23,Male,Mumbai,855,2,2040,February
toy,0.4,130,31,Female,Surat,114,2,976,June
toy,0.4,131,33,Female,Lucknow,504,5,1040,October
toy,0.4,131,33,Female,Lucknow,846,7,1169,May
toy,0.4,132,27,Male,Bhopal,933,2,2949,April
toy,0.4,132,27,Male,Bhopal,982,1,1498,March
toy,0.4,134,22,Male,Indore,704,3,1689,October
toy,0.4,136,32,Female,Lucknow,554,5,2111,August
toy,0.4,136,32,Female,Lucknow,599,9,2079,March
toy,0.4,137,21,Male,Pune,239,5,2339,August
toy,0.4,137,21,Male,Pune,990,5,1508,August
toy,0.4,138,33,Male,Indore,28,5,822,February
toy,0.4,138,33,Male,Indore,462,9,2727,May
toy,0.4,138,33,Male,Indore,694,9,2840,August
toy,0.4,138,33,Male,Indore,710,2,1357,January
toy,0.4,139,30,Female,Jaipur,717,5,2643,November
toy,0.4,141,32,Male,Mumbai,11,1,2921,October
toy,0.4,141,32,Male,Mumbai,774,5,2027,September
toy,0.4,142,38,Male,Pune,27,4,2697,November
toy,0.4,142,38,Male,Pune,123,6,2656,April
toy,0.4,142,38,Male,Pune,274,8,2024,July
toy,0.4,143,36,Male,Indore,222,1,1832,April
toy,0.4,143,36,Male,Indore,451,5,1770,June
toy,0.4,144,35,Male,Jaipur,75,3,1813,January
toy,0.4,145,36,Male,Jaipur,390,4,2677,March
toy,0.4,145,36,Male,Jaipur,633,9,1385,September
toy,0.4,146,18,Female,Indore,760,3,2141,April
toy,0.4,146,18,Female,Indore,928,7,1450,September
toy,0.4,147,22,Male,Pune,586,5,2566,March
toy,0.4,148,37,Male,Surat,238,6,1747,November
toy,0.4,148,37,Male,Surat,664,9,2024,March
toy,0.4,148,37,Male,Surat,757,1,1611,May
toy,0.4,149,32,Female,Jaipur,171,6,1003,January
toy,0.4,150,30,Female,Mumbai,267,6,928,March
toy,0.4,151,25,Female,Bhopal,259,9,1783,August
toy,0.4,151,25,Female,Bhopal,737,4,1885,March
toy,0.4,154,30,Male,Mumbai,432,2,1961,May
toy,0.4,154,30,Male,Mumbai,464,1,1688,November
toy,0.4,155,30,Male,Mumbai,320,7,852,January
toy,0.4,155,30,Male,Mumbai,544,2,1193,October
toy,0.4,156,36,Male,Bhopal,209,7,2608,August
toy,0.4,156,36,Male,Bhopal,814,7,1830,January
toy,0.4,156,36,Male,Bhopal,824,5,853,June
toy,0.4,156,36,Male,Bhopal,963,5,898,April
toy,0.4,157,30,Female,Lucknow,168,8,932,December
toy,0.4,157,30,Female,Lucknow,297,9,2152,April
toy,0.4,157,30,Female,Lucknow,467,8,1633,July
toy,0.4,158,22,Female,Bhopal,759,9,1612,April
toy,0.4,159,19,Female,Pune,276,5,2997,May
toy,0.4,159,19,Female,Pune,330,6,1477,August
toy,0.4,159,19,Female,Pune,844,7,1275,October
toy,0.4,160,18,Male,Pune,979,2,2571,October
toy,0.4,161,34,Male,Lucknow,529,8,2693,June
toy,0.4,162,35,Female,Lucknow,408,2,1928,July
toy,0.4,163,19,Male,Lucknow,42,7,1280,May
toy,0.4,164,20,Male,Jaipur,288,2,1135,August
toy,0.4,164,20,Male,Jaipur,381,5,1310,January
toy,0.4,164,20,Male,Jaipur,783,1,1103,May
toy,0.4,165,39,Female,Pune,741,2,816,April
toy,0.4,166,23,Male,Lucknow,796,9,1920,November
toy,0.4,166,23,Male,Lucknow,810,3,1269,March
toy,0.4,167,33,Male,Mumbai,51,1,2687,May
toy,0.4,167,33,Male,Mumbai,124,8,801,December
toy,0.4,167,33,Male,Mumbai,623,9,933,February
toy,0.4,167,33,Male,Mumbai,829,8,2287,September
toy,0.4,168,36,Male,Indore,769,3,2830,June
toy,0.4,169,19,Female,Surat,887,7,1786,November
toy,0.4,170,36,Female,Bhopal,620,4,1547,March
toy,0.4,171,32,Female,Indore,362,9,2240,June
toy,0.4,171,32,Female,Indore,738,9,2681,December
toy,0.4,171,32,Female,Indore,823,3,2773,May
toy,0.4,171,32,Female,Indore,845,7,2456,April
toy,0.4,172,23,Female,Lucknow,53,1,2768,September
toy,0.4,172,23,Female,Lucknow,328,1,1398,October
toy,0.4,172,23,Female,Lucknow,750,5,1339,November
toy,0.4,173,24,Male,Jaipur,101,1,792,May
toy,0.4,173,24,Male,Jaipur,282,4,2346,April
toy,0.4,173,24,Male,Jaipur,310,8,1533,January
toy,0.4,173,24,Male,Jaipur,322,8,1266,December
toy,0.4,175,21,Female,Lucknow,414,5,1639,April
toy,0.4,175,21,Female,Lucknow,619,8,1563,November
toy,0.4,175,21,Female,Lucknow,724,5,1872,April
toy,0.4,176,26,Female,Lucknow,113,3,1044,October
toy,0.4,176,26,Female,Lucknow,253,5,2879,August
toy,0.4,176,26,Female,Lucknow,471,2,2346,October
toy,0.4,176,26,Female,Lucknow,784,9,1979,February
toy,0.4,177,25,Female,Jaipur,743,7,904,November
toy,0.4,177,25,Female,Jaipur,848,5,2699,November
toy,0.4,178,21,Female,Mumbai,825,7,2471,July
toy,0.4,178,21,Female,Mumbai,935,7,2903,April
toy,0.4,179,21,Female,Surat,63,5,1804,August
toy,0.4,179,21,Female,Surat,650,7,1444,September
toy,0.4,180,27,Male,Jaipur,854,8,1265,March
toy,0.4,181,27,Female,Jaipur,946,7,820,September
toy,0.4,182,22,Male,Lucknow,332,7,1031,May
toy,0.4,183,33,Male,Bhopal,323,8,1042,March
toy,0.4,183,33,Male,Bhopal,359,1,1083,August
toy,0.4,183,33,Male,Bhopal,898,4,1046,January
toy,0.4,184,23,Female,Lucknow,229,9,2944,September
toy,0.4,185,31,Male,Surat,127,2,1949,May
toy,0.4,185,31,Male,Surat,220,8,957,November
toy,0.4,185,31,Male,Surat,685,4,2450,August
toy,0.4,185,31,Male,Surat,809,5,2809,September
toy,0.4,185,31,Male,Surat,912,6,2827,February
toy,0.4,186,19,Female,Pune,278,9,2996,September
toy,0.4,187,28,Female,Mumbai,139,6,896,March
toy,0.4,187,28,Female,Mumbai,628,6,1295,May
toy,0.4,187,28,Female,Mumbai,727,4,1624,April
toy,0.4,188,35,Female,Bhopal,125,1,1443,November
toy,0.4,188,35,Female,Bhopal,287,2,2522,September
toy,0.4,188,35,Female,Bhopal,765,3,2397,July
toy,0.4,188,35,Female,Bhopal,884,7,1515,May
toy,0.4,188,35,Female,Bhopal,901,7,1835,February
toy,0.4,189,32,Female,Indore,196,6,2705,February
toy,0.4,189,32,Female,Indore,347,6,1112,November
toy,0.4,190,27,Female,Jaipur,562,9,2539,May
toy,0.4,191,35,Female,Mumbai,22,1,2437,July
toy,0.4,191,35,Female,Mumbai,485,8,1926,August
toy,0.4,191,35,Female,Mumbai,655,9,977,January
toy,0.4,192,36,Female,Surat,157,2,2954,February
toy,0.4,192,36,Female,Surat,262,9,2058,June
toy,0.4,192,36,Female,Surat,345,8,1164,June
toy,0.4,192,36,Female,Surat,945,6,1395,April
toy,0.4,193,27,Female,Pune,604,6,2546,July
toy,0.4,193,27,Female,Pune,608,7,2505,June
toy,0.4,193,27,Female,Pune,692,5,2403,June
toy,0.4,194,39,Female,Pune,492,5,761,July
toy,0.4,194,39,Female,Pune,679,2,1866,January
toy,0.4,194,39,Female,Pune,826,3,1689,December
toy,0.4,195,37,Male,Mumbai,95,5,1623,December
toy,0.4,195,37,Male,Mumbai,307,9,2104,January
toy,0.4,195,37,Male,Mumbai,545,8,1653,September
toy,0.4,196,38,Male,Bhopal,453,3,2751,June
toy,0.4,197,33,Male,Surat,512,5,2229,July
toy,0.4,197,33,Male,Surat,775,8,1317,August
toy,0.4,198,39,Female,Pune,902,5,1280,September
toy,0.4,200,30,Male,Jaipur,200,9,2690,December
toy,0.4,200,30,Male,Jaipur,227,1,1727,July
toy,0.4,200,30,Male,Jaipur,514,1,886,January
toy,0.4,200,30,Male,Jaipur,869,8,2871,April
beauty,0.5,1,28,Male,Pune,41,2,1933,April
beauty,0.5,2,32,Female,Indore,155,8,1122,August
beauty,0.5,2,32,Female,Indore,603,9,1585,June
beauty,0.5,4,31,Male,Pune,294,2,1740,January
beauty,0.5,4,31,Male,Pune,907,6,2261,February
beauty,0.5,5,23,Female,Bhopal,443,2,1284,April
beauty,0.5,5,23,Female,Bhopal,842,9,1929,June
beauty,0.5,6,25,Male,Indore,888,8,767,December
beauty,0.5,7,37,Female,Indore,379,7,1480,August
beauty,0.5,7,37,Female,Indore,534,9,1823,September
beauty,0.5,8,21,Male,Pune,2,4,1701,December
beauty,0.5,8,21,Male,Pune,590,6,1248,May
beauty,0.5,8,21,Male,Pune,624,3,2264,October
beauty,0.5,9,26,Male,Indore,564,4,2783,December
beauty,0.5,9,26,Male,Indore,976,4,1283,February
beauty,0.5,10,36,Male,Bhopal,284,2,2119,July
beauty,0.5,10,36,Male,Bhopal,881,3,2135,November
beauty,0.5,12,18,Male,Mumbai,585,6,834,October
beauty,0.5,12,18,Male,Mumbai,749,9,2562,May
beauty,0.5,12,18,Male,Mumbai,872,2,2123,November
beauty,0.5,14,35,Male,Surat,648,6,1090,April
beauty,0.5,14,35,Male,Surat,900,5,2199,October
beauty,0.5,15,27,Male,Pune,56,4,2659,December
beauty,0.5,15,27,Male,Pune,128,2,1047,August
beauty,0.5,15,27,Male,Pune,572,4,2468,March
beauty,0.5,16,27,Male,Lucknow,916,7,1692,November
beauty,0.5,18,28,Female,Surat,30,4,2711,December
beauty,0.5,18,28,Female,Surat,211,8,1740,February
beauty,0.5,18,28,Female,Surat,366,6,2604,March
beauty,0.5,19,25,Female,Lucknow,582,5,1647,June
beauty,0.5,20,36,Male,Lucknow,291,7,2624,June
beauty,0.5,20,36,Male,Lucknow,713,6,2645,September
beauty,0.5,21,23,Female,Lucknow,541,4,1262,December
beauty,0.5,21,23,Female,Lucknow,610,8,2262,July
beauty,0.5,22,24,Male,Mumbai,58,1,1602,October
beauty,0.5,22,24,Male,Mumbai,878,6,1167,July
beauty,0.5,23,22,Female,Pune,688,6,2496,February
beauty,0.5,24,33,Male,Bhopal,560,9,734,August
beauty,0.5,25,33,Female,Indore,162,2,1114,April
beauty,0.5,25,33,Female,Indore,403,3,1319,September
beauty,0.5,25,33,Female,Indore,511,2,1070,July
beauty,0.5,25,33,Female,Indore,795,6,2487,February
beauty,0.5,26,24,Female,Lucknow,808,6,1805,February
beauty,0.5,27,29,Female,Indore,156,2,2294,February
beauty,0.5,27,29,Female,Indore,479,3,2887,January
beauty,0.5,28,25,Female,Indore,364,3,2438,July
beauty,0.5,28,25,Female,Indore,974,1,1300,April
beauty,0.5,29,36,Male,Lucknow,461,5,782,August
beauty,0.5,30,38,Male,Pune,182,7,1322,April
beauty,0.5,31,36,Female,Jaipur,298,2,1663,December
beauty,0.5,31,36,Female,Jaipur,719,2,1068,October
beauty,0.5,31,36,Female,Jaipur,860,4,2727,July
beauty,0.5,31,36,Female,Jaipur,960,5,821,January
beauty,0.5,32,27,Male,Lucknow,556,3,1175,March
beauty,0.5,34,20,Male,Mumbai,329,4,2617,February
beauty,0.5,34,20,Male,Mumbai,669,5,1731,October
beauty,0.5,36,25,Female,Jaipur,279,1,1884,April
beauty,0.5,36,25,Female,Jaipur,425,9,1777,July
beauty,0.5,36,25,Female,Jaipur,684,5,2584,April
beauty,0.5,37,36,Male,Surat,658,2,1424,October
beauty,0.5,38,23,Female,Jaipur,266,6,1583,February
beauty,0.5,39,28,Male,Lucknow,215,8,1033,September
beauty,0.5,39,28,Male,Lucknow,607,1,1802,December
beauty,0.5,39,28,Male,Lucknow,720,4,2686,April
beauty,0.5,41,37,Female,Indore,785,7,768,July
beauty,0.5,42,31,Female,Jaipur,413,7,1005,September
beauty,0.5,42,31,Female,Jaipur,596,3,1965,August
beauty,0.5,42,31,Female,Jaipur,635,8,830,June
beauty,0.5,42,31,Female,Jaipur,995,8,2599,May
beauty,0.5,43,20,Female,Mumbai,55,9,2864,June
beauty,0.5,43,20,Female,Mumbai,615,7,2463,January
beauty,0.5,44,28,Female,Bhopal,470,2,1218,April
beauty,0.5,45,28,Male,Surat,181,2,1220,March
beauty,0.5,45,28,Male,Surat,233,9,1584,July
beauty,0.5,46,31,Male,Lucknow,7,2,2432,January
beauty,0.5,46,31,Male,Lucknow,159,4,892,May
beauty,0.5,46,31,Male,Lucknow,285,6,1021,October
beauty,0.5,46,31,Male,Lucknow,431,4,1995,February
beauty,0.5,47,19,Male,Mumbai,611,8,2176,February
beauty,0.5,48,30,Female,Pune,166,1,1946,January
beauty,0.5,48,30,Female,Pune,552,5,1265,November
beauty,0.5,48,30,Female,Pune,600,8,1901,June
beauty,0.5,48,30,Female,Pune,716,1,1632,July
beauty,0.5,48,30,Female,Pune,744,2,897,May
beauty,0.5,49,23,Female,Mumbai,43,3,1143,March
beauty,0.5,49,23,Female,Mumbai,882,4,911,August
beauty,0.5,50,39,Female,Jaipur,631,3,2299,August
beauty,0.5,51,29,Female,Mumbai,706,5,866,May
beauty,0.5,52,25,Male,Pune,126,2,1606,November
beauty,0.5,53,22,Female,Bhopal,438,4,1534,June
beauty,0.5,53,22,Female,Bhopal,964,9,1647,September
beauty,0.5,54,24,Female,Bhopal,419,9,2056,August
beauty,0.5,56,38,Female,Surat,258,4,1632,December
beauty,0.5,56,38,Female,Surat,427,7,2740,March
beauty,0.5,57,27,Female,Jaipur,725,4,2339,July
beauty,0.5,58,26,Female,Lucknow,109,7,1844,March
beauty,0.5,58,26,Female,Lucknow,129,7,745,October
beauty,0.5,58,26,Female,Lucknow,160,6,2341,August
beauty,0.5,58,26,Female,Lucknow,477,9,2881,December
beauty,0.5,59,37,Male,Surat,649,3,1370,March
beauty,0.5,60,31,Female,Jaipur,549,8,1851,August
beauty,0.5,60,31,Female,Jaipur,557,9,1164,May
beauty,0.5,61,38,Male,Bhopal,280,1,1762,September
beauty,0.5,62,35,Female,Jaipur,937,9,1721,January
beauty,0.5,63,39,Male,Pune,132,7,1492,February
beauty,0.5,64,33,Male,Surat,74,4,891,December
beauty,0.5,64,33,Male,Surat,489,1,1694,July
beauty,0.5,64,33,Male,Surat,835,2,1527,April
beauty,0.5,65,22,Female,Jaipur,537,8,1479,May
beauty,0.5,66,30,Female,Bhopal,484,1,2386,October
beauty,0.5,66,30,Female,Bhopal,548,4,1730,June
beauty,0.5,67,34,Male,Bhopal,290,6,1889,February
beauty,0.5,67,34,Male,Bhopal,402,3,873,January
beauty,0.5,67,34,Male,Bhopal,771,8,857,October
beauty,0.5,67,34,Male,Bhopal,827,6,738,November
beauty,0.5,68,36,Female,Surat,89,7,1521,April
beauty,0.5,68,36,Female,Surat,206,6,1897,August
beauty,0.5,70,22,Male,Surat,820,3,2403,July
beauty,0.5,71,26,Female,Pune,24,2,979,October
beauty,0.5,71,26,Female,Pune,386,3,814,June
beauty,0.5,71,26,Female,Pune,535,5,1005,October
beauty,0.5,71,26,Female,Pune,542,1,2608,August
beauty,0.5,72,31,Female,Pune,45,9,2501,May
beauty,0.5,72,31,Female,Pune,138,9,2694,July
beauty,0.5,73,22,Female,Jaipur,748,4,2000,November
beauty,0.5,74,19,Male,Jaipur,116,7,1794,November
beauty,0.5,74,19,Male,Jaipur,144,9,1301,June
beauty,0.5,74,19,Male,Jaipur,875,8,1983,January
beauty,0.5,75,27,Female,Jaipur,217,7,2441,November
beauty,0.5,75,27,Female,Jaipur,450,6,1748,September
beauty,0.5,76,24,Female,Surat,252,5,1514,October
beauty,0.5,76,24,Female,Surat,355,5,760,August
beauty,0.5,76,24,Female,Surat,732,8,1304,November
beauty,0.5,77,21,Male,Lucknow,62,6,2180,September
beauty,0.5,77,21,Male,Lucknow,416,6,1393,October
beauty,0.5,77,21,Male,Lucknow,752,6,2078,April
beauty,0.5,77,21,Male,Lucknow,877,9,1979,February
beauty,0.5,77,21,Male,Lucknow,926,1,1266,December
beauty,0.5,78,25,Female,Jaipur,357,4,2837,August
beauty,0.5,78,25,Female,Jaipur,459,2,2951,March
beauty,0.5,79,36,Male,Lucknow,104,8,2122,September
beauty,0.5,79,36,Male,Lucknow,232,7,2484,September
beauty,0.5,80,30,Male,Lucknow,343,7,1375,May
beauty,0.5,81,36,Male,Indore,165,5,2606,December
beauty,0.5,81,36,Male,Indore,213,6,1539,December
beauty,0.5,81,36,Male,Indore,518,1,2735,February
beauty,0.5,81,36,Male,Indore,992,4,2233,October
beauty,0.5,82,39,Female,Jaipur,806,8,721,March
beauty,0.5,83,24,Male,Mumbai,468,9,1483,August
beauty,0.5,84,19,Female,Jaipur,634,6,1339,December
beauty,0.5,84,19,Female,Jaipur,672,4,2564,June
beauty,0.5,84,19,Female,Jaipur,800,1,1773,September
beauty,0.5,85,31,Female,Lucknow,302,5,1925,January
beauty,0.5,86,20,Female,Jaipur,336,6,2217,July
beauty,0.5,86,20,Female,Jaipur,895,1,1749,July
beauty,0.5,87,24,Male,Surat,231,2,2496,April
beauty,0.5,87,24,Male,Surat,793,9,1369,June
beauty,0.5,88,27,Female,Surat,49,4,2271,February
beauty,0.5,88,27,Female,Surat,250,9,1855,December
beauty,0.5,88,27,Female,Surat,406,9,2340,November
beauty,0.5,88,27,Female,Surat,441,6,1285,July
beauty,0.5,88,27,Female,Surat,991,5,1866,March
beauty,0.5,89,32,Female,Jaipur,174,9,797,December
beauty,0.5,89,32,Female,Jaipur,324,8,1232,June
beauty,0.5,90,37,Male,Surat,675,3,925,February
beauty,0.5,90,37,Male,Surat,690,3,1596,October
beauty,0.5,91,34,Female,Mumbai,481,8,1108,March
beauty,0.5,92,19,Male,Pune,17,1,2621,January
beauty,0.5,92,19,Male,Pune,668,5,1336,March
beauty,0.5,93,32,Female,Lucknow,314,8,1330,March
beauty,0.5,93,32,Female,Lucknow,568,7,1322,March
beauty,0.5,94,33,Female,Mumbai,265,8,1404,June
beauty,0.5,94,33,Female,Mumbai,356,6,1007,June
beauty,0.5,94,33,Female,Mumbai,786,6,2717,February
beauty,0.5,95,35,Male,Surat,193,2,2594,April
beauty,0.5,95,35,Male,Surat,319,4,1811,December
beauty,0.5,96,19,Male,Bhopal,236,2,2434,September
beauty,0.5,97,29,Male,Pune,593,9,2538,January
beauty,0.5,97,29,Male,Pune,952,3,1898,July
beauty,0.5,98,31,Female,Mumbai,351,1,2685,February
beauty,0.5,98,31,Female,Mumbai,509,3,912,April
beauty,0.5,99,38,Female,Jaipur,94,5,749,February
beauty,0.5,100,38,Male,Surat,407,1,2111,October
beauty,0.5,103,26,Female,Mumbai,71,4,2868,April
beauty,0.5,103,26,Female,Mumbai,395,4,1122,June
beauty,0.5,103,26,Female,Mumbai,967,9,2415,November
beauty,0.5,103,26,Female,Mumbai,986,9,2368,July
beauty,0.5,105,22,Female,Pune,15,1,2858,August
beauty,0.5,105,22,Female,Pune,256,6,2724,April
beauty,0.5,105,22,Female,Pune,409,1,1913,October
beauty,0.5,105,22,Female,Pune,660,6,1287,June
beauty,0.5,106,23,Female,Indore,993,5,1602,September
beauty,0.5,107,24,Male,Surat,463,7,2425,December
beauty,0.5,110,24,Male,Bhopal,951,2,1946,April
beauty,0.5,111,26,Female,Jaipur,192,9,1012,May
beauty,0.5,111,26,Female,Jaipur,483,1,1492,July
beauty,0.5,111,26,Female,Jaipur,941,9,714,January
beauty,0.5,112,31,Female,Bhopal,689,8,2015,November
beauty,0.5,112,31,Female,Bhopal,837,1,766,April
beauty,0.5,112,31,Female,Bhopal,850,6,2804,September
beauty,0.5,113,22,Female,Jaipur,389,8,794,January
beauty,0.5,114,27,Female,Bhopal,667,1,2897,September
beauty,0.5,115,24,Female,Bhopal,13,2,2004,August
beauty,0.5,115,24,Female,Bhopal,36,7,2794,May
beauty,0.5,115,24,Female,Bhopal,816,9,2691,April
beauty,0.5,117,30,Female,Indore,241,8,1655,May
beauty,0.5,117,30,Female,Indore,742,9,793,February
beauty,0.5,118,23,Female,Jaipur,472,6,2792,September
beauty,0.5,118,23,Female,Jaipur,571,3,1799,July
beauty,0.5,119,35,Female,Jaipur,108,9,2231,November
beauty,0.5,120,29,Female,Surat,335,7,1869,July
beauty,0.5,120,29,Female,Surat,487,8,2386,December
beauty,0.5,120,29,Female,Surat,674,5,1480,July
beauty,0.5,120,29,Female,Surat,812,8,2857,November
beauty,0.5,121,28,Male,Pune,697,5,2852,May
beauty,0.5,122,30,Female,Surat,367,3,2770,March
beauty,0.5,123,20,Female,Surat,39,8,2856,January
beauty,0.5,123,20,Female,Surat,327,3,1285,June
beauty,0.5,123,20,Female,Surat,626,5,1488,February
beauty,0.5,124,34,Male,Indore,687,5,714,October
beauty,0.5,125,35,Female,Lucknow,546,1,775,January
beauty,0.5,125,35,Female,Lucknow,852,4,2033,December
beauty,0.5,126,20,Male,Jaipur,830,5,1831,September
beauty,0.5,127,30,Male,Jaipur,729,5,2238,December
beauty,0.5,128,29,Male,Surat,410,1,1083,May
beauty,0.5,128,29,Male,Surat,966,9,1068,October
beauty,0.5,130,31,Female,Surat,313,9,2739,March
beauty,0.5,130,31,Female,Surat,447,8,1470,July
beauty,0.5,132,27,Male,Bhopal,756,9,1489,March
beauty,0.5,132,27,Male,Bhopal,828,3,1766,February
beauty,0.5,133,24,Male,Indore,527,7,2527,November
beauty,0.5,133,24,Male,Indore,794,5,2713,October
beauty,0.5,134,22,Male,Indore,575,2,2925,November
beauty,0.5,134,22,Male,Indore,657,3,1152,May
beauty,0.5,135,23,Male,Lucknow,158,1,1901,February
beauty,0.5,135,23,Male,Lucknow,616,8,2236,October
beauty,0.5,135,23,Male,Lucknow,927,7,1391,April
beauty,0.5,137,21,Male,Pune,614,3,2641,January
beauty,0.5,138,33,Male,Indore,304,4,1301,February
beauty,0.5,139,30,Female,Jaipur,131,8,994,March
beauty,0.5,139,30,Female,Jaipur,415,1,2682,May
beauty,0.5,140,27,Male,Pune,380,5,955,March
beauty,0.5,141,32,Male,Mumbai,292,2,1785,August
beauty,0.5,142,38,Male,Pune,202,3,2743,September
beauty,0.5,143,36,Male,Indore,170,8,2756,October
beauty,0.5,143,36,Male,Indore,849,1,1656,June
beauty,0.5,143,36,Male,Indore,899,6,2542,August
beauty,0.5,143,36,Male,Indore,934,9,741,March
beauty,0.5,145,36,Male,Jaipur,154,6,2191,July
beauty,0.5,145,36,Male,Jaipur,781,9,1927,April
beauty,0.5,146,18,Female,Indore,64,2,1578,November
beauty,0.5,146,18,Female,Indore,216,9,1619,January
beauty,0.5,146,18,Female,Indore,602,2,878,August
beauty,0.5,148,37,Male,Surat,76,3,2268,November
beauty,0.5,148,37,Male,Surat,521,8,1236,April
beauty,0.5,149,32,Female,Jaipur,79,9,1624,December
beauty,0.5,149,32,Female,Jaipur,183,2,1778,January
beauty,0.5,149,32,Female,Jaipur,191,8,1315,August
beauty,0.5,149,32,Female,Jaipur,349,9,1534,February
beauty,0.5,149,32,Female,Jaipur,841,2,1112,December
beauty,0.5,150,30,Female,Mumbai,269,9,1559,January
beauty,0.5,150,30,Female,Mumbai,398,7,1742,January
beauty,0.5,150,30,Female,Mumbai,819,5,1120,May
beauty,0.5,151,25,Female,Bhopal,792,2,1017,March
beauty,0.5,152,29,Female,Lucknow,226,2,2823,September
beauty,0.5,153,24,Female,Lucknow,889,3,753,October
beauty,0.5,155,30,Male,Mumbai,739,3,1376,November
beauty,0.5,156,36,Male,Bhopal,187,1,2747,October
beauty,0.5,157,30,Female,Lucknow,59,6,1089,December
beauty,0.5,157,30,Female,Lucknow,179,7,1912,November
beauty,0.5,157,30,Female,Lucknow,486,9,2294,June
beauty,0.5,157,30,Female,Lucknow,714,5,2754,February
beauty,0.5,158,22,Female,Bhopal,141,2,2942,April
beauty,0.5,158,22,Female,Bhopal,245,6,1100,September
beauty,0.5,159,19,Female,Pune,301,2,935,May
beauty,0.5,160,18,Male,Pune,261,8,1594,December
beauty,0.5,160,18,Male,Pune,365,6,1177,December
beauty,0.5,160,18,Male,Pune,391,5,2155,December
beauty,0.5,160,18,Male,Pune,480,3,2571,January
beauty,0.5,161,34,Male,Lucknow,393,6,928,December
beauty,0.5,161,34,Male,Lucknow,420,7,2140,November
beauty,0.5,162,35,Female,Lucknow,3,2,2161,September
beauty,0.5,162,35,Female,Lucknow,766,4,976,September
beauty,0.5,163,19,Male,Lucknow,161,6,1521,August
beauty,0.5,164,20,Male,Jaipur,54,6,2882,May
beauty,0.5,164,20,Male,Jaipur,768,4,721,July
beauty,0.5,165,39,Female,Pune,97,5,1320,July
beauty,0.5,165,39,Female,Pune,188,7,1816,October
beauty,0.5,165,39,Female,Pune,949,7,1067,July
beauty,0.5,167,33,Male,Mumbai,955,3,1555,February
beauty,0.5,169,19,Female,Surat,399,3,1875,April
beauty,0.5,169,19,Female,Surat,677,7,2367,August
beauty,0.5,170,36,Female,Bhopal,247,8,2391,September
beauty,0.5,170,36,Female,Bhopal,711,9,2364,March
beauty,0.5,171,32,Female,Indore,117,4,1569,October
beauty,0.5,172,23,Female,Lucknow,938,8,2886,May
beauty,0.5,173,24,Male,Jaipur,248,7,2724,March
beauty,0.5,173,24,Male,Jaipur,683,4,1569,September
beauty,0.5,173,24,Male,Jaipur,693,5,2922,January
beauty,0.5,174,36,Female,Lucknow,151,6,2599,December
beauty,0.5,174,36,Female,Lucknow,931,4,1046,November
beauty,0.5,175,21,Female,Lucknow,387,7,1069,October
beauty,0.5,175,21,Female,Lucknow,436,4,1988,November
beauty,0.5,175,21,Female,Lucknow,456,7,2223,July
beauty,0.5,175,21,Female,Lucknow,661,9,1153,February
beauty,0.5,176,26,Female,Lucknow,52,8,1551,June
beauty,0.5,176,26,Female,Lucknow,317,3,2777,August
beauty,0.5,176,26,Female,Lucknow,358,3,1971,January
beauty,0.5,176,26,Female,Lucknow,569,6,1536,September
beauty,0.5,176,26,Female,Lucknow,968,5,837,December
beauty,0.5,177,25,Female,Jaipur,429,6,1031,January
beauty,0.5,177,25,Female,Jaipur,579,8,775,May
beauty,0.5,178,21,Female,Mumbai,831,4,2226,May
beauty,0.5,179,21,Female,Surat,228,5,754,November
beauty,0.5,179,21,Female,Surat,591,2,2800,June
beauty,0.5,180,27,Male,Jaipur,98,8,950,June
beauty,0.5,180,27,Male,Jaipur,370,2,2176,December
beauty,0.5,181,27,Female,Jaipur,589,3,1707,December
beauty,0.5,182,22,Male,Lucknow,230,7,1739,September
beauty,0.5,182,22,Male,Lucknow,293,2,2988,April
beauty,0.5,183,33,Male,Bhopal,153,4,2952,March
beauty,0.5,184,23,Female,Lucknow,476,6,2935,October
beauty,0.5,184,23,Female,Lucknow,645,5,2693,May
beauty,0.5,185,31,Male,Surat,212,4,2796,July
beauty,0.5,185,31,Male,Surat,337,4,1977,March
beauty,0.5,185,31,Male,Surat,378,4,2958,November
beauty,0.5,187,28,Female,Mumbai,458,8,1047,March
beauty,0.5,187,28,Female,Mumbai,790,6,2489,July
beauty,0.5,189,32,Female,Indore,207,1,2902,September
beauty,0.5,189,32,Female,Indore,257,2,2247,July
beauty,0.5,189,32,Female,Indore,460,5,1750,November
beauty,0.5,189,32,Female,Indore,666,7,2394,April
beauty,0.5,190,27,Female,Jaipur,522,6,2476,December
beauty,0.5,190,27,Female,Jaipur,533,8,2839,August
beauty,0.5,191,35,Female,Mumbai,111,4,1662,September
beauty,0.5,191,35,Female,Mumbai,973,9,2363,June
beauty,0.5,192,36,Female,Surat,184,1,1002,February
beauty,0.5,192,36,Female,Surat,223,8,1462,March
beauty,0.5,192,36,Female,Surat,264,2,2852,August
beauty,0.5,193,27,Female,Pune,6,4,1546,February
beauty,0.5,193,27,Female,Pune,975,4,2898,October
beauty,0.5,194,39,Female,Pune,60,8,2304,March
beauty,0.5,196,38,Male,Bhopal,998,6,2949,June
beauty,0.5,198,39,Female,Pune,325,7,1780,July
beauty,0.5,200,30,Male,Jaipur,510,9,1448,October
